,Fake Market
2020-10-29 20:11:20.907465,99.40194801647276
2020-10-30 20:11:20.907465,98.88063452500502
2020-10-31 20:11:20.907465,98.88063452500502
2020-11-01 20:11:20.907465,98.88063452500502
2020-11-02 20:11:20.907465,99.15113375248472
2020-11-03 20:11:20.907465,99.26400678663285
2020-11-04 20:11:20.907465,99.65316428594802
2020-11-05 20:11:20.907465,99.54735722398323
2020-11-06 20:11:20.907465,99.646051774086
2020-11-07 20:11:20.907465,99.646051774086
2020-11-08 20:11:20.907465,99.646051774086
2020-11-09 20:11:20.907465,98.99880076951686
2020-11-10 20:11:20.907465,99.01528158454393
2020-11-11 20:11:20.907465,98.3917365437054
2020-11-12 20:11:20.907465,98.08683358017139
2020-11-13 20:11:20.907465,98.30052575864812
2020-11-14 20:11:20.907465,98.30052575864812
2020-11-15 20:11:20.907465,98.30052575864812
2020-11-16 20:11:20.907465,98.80377278468369
2020-11-17 20:11:20.907465,98.5881649108893
2020-11-18 20:11:20.907465,97.97511635351337
2020-11-19 20:11:20.907465,97.57278581494613
2020-11-20 20:11:20.907465,97.93268729546024
2020-11-21 20:11:20.907465,97.93268729546024
2020-11-22 20:11:20.907465,97.93268729546024
2020-11-23 20:11:20.907465,97.922347396602
2020-11-24 20:11:20.907465,96.73774380740903
2020-11-25 20:11:20.907465,96.6586871566195
2020-11-26 20:11:20.907465,96.4435170239415
2020-11-27 20:11:20.907465,95.9260037087353
2020-11-28 20:11:20.907465,95.9260037087353
2020-11-29 20:11:20.907465,95.9260037087353
2020-11-30 20:11:20.907465,95.28038281924779
2020-12-01 20:11:20.907465,94.50824478226507
2020-12-02 20:11:20.907465,94.38739536130221
2020-12-03 20:11:20.907465,94.37779745033293
2020-12-04 20:11:20.907465,94.64027314948855
2020-12-05 20:11:20.907465,94.64027314948855
2020-12-06 20:11:20.907465,94.64027314948855
2020-12-07 20:11:20.907465,94.18699610563492
2020-12-08 20:11:20.907465,93.1557003445518
2020-12-09 20:11:20.907465,93.28949766092632
2020-12-10 20:11:20.907465,93.88306926643739
2020-12-11 20:11:20.907465,93.58246256271883
2020-12-12 20:11:20.907465,93.58246256271883
2020-12-13 20:11:20.907465,93.58246256271883
2020-12-14 20:11:20.907465,93.3724777388192
2020-12-15 20:11:20.907465,93.25205004933358
2020-12-16 20:11:20.907465,92.39636964561195
2020-12-17 20:11:20.907465,92.85914374622148
2020-12-18 20:11:20.907465,91.8594089670155
2020-12-19 20:11:20.907465,91.8594089670155
2020-12-20 20:11:20.907465,91.8594089670155
2020-12-21 20:11:20.907465,91.44363788183468
2020-12-22 20:11:20.907465,91.68421826902942
2020-12-23 20:11:20.907465,90.64629857735868
2020-12-24 20:11:20.907465,89.80628648163812
2020-12-25 20:11:20.907465,90.30533455865269
2020-12-26 20:11:20.907465,90.30533455865269
2020-12-27 20:11:20.907465,90.30533455865269
2020-12-28 20:11:20.907465,89.28212460176374
2020-12-29 20:11:20.907465,88.7761127644883
2020-12-30 20:11:20.907465,88.3728949954131
2020-12-31 20:11:20.907465,88.45024790177753
2021-01-01 20:11:20.907465,87.17309983488656
2021-01-02 20:11:20.907465,87.17309983488656
2021-01-03 20:11:20.907465,87.17309983488656
2021-01-04 20:11:20.907465,87.64419212429502
2021-01-05 20:11:20.907465,87.556160891687
2021-01-06 20:11:20.907465,87.73715050519128
2021-01-07 20:11:20.907465,87.07456266398401
2021-01-08 20:11:20.907465,87.00856438602524
2021-01-09 20:11:20.907465,87.00856438602524
2021-01-10 20:11:20.907465,87.00856438602524
2021-01-11 20:11:20.907465,87.12341620228158
2021-01-12 20:11:20.907465,87.83503868708861
2021-01-13 20:11:20.907465,87.88814389419417
2021-01-14 20:11:20.907465,87.13920630758653
2021-01-15 20:11:20.907465,87.50672529147577
2021-01-16 20:11:20.907465,87.50672529147577
2021-01-17 20:11:20.907465,87.50672529147577
2021-01-18 20:11:20.907465,87.39552236970522
2021-01-19 20:11:20.907465,86.94997936913379
2021-01-20 20:11:20.907465,86.7993248212794
2021-01-21 20:11:20.907465,86.78802502120801
2021-01-22 20:11:20.907465,87.06025884579613
2021-01-23 20:11:20.907465,87.06025884579613
2021-01-24 20:11:20.907465,87.06025884579613
2021-01-25 20:11:20.907465,86.69686909334476
2021-01-26 20:11:20.907465,85.6901440421973
2021-01-27 20:11:20.907465,85.65366435149471
2021-01-28 20:11:20.907465,84.83307256935454
2021-01-29 20:11:20.907465,84.65056060142376
2021-01-30 20:11:20.907465,84.65056060142376
2021-01-31 20:11:20.907465,84.65056060142376
2021-02-01 20:11:20.907465,84.45398938522585
2021-02-02 20:11:20.907465,83.42707070954336
2021-02-03 20:11:20.907465,82.8576001807515
2021-02-04 20:11:20.907465,82.65695933570066
2021-02-05 20:11:20.907465,81.94256718002688
2021-02-06 20:11:20.907465,81.94256718002688
2021-02-07 20:11:20.907465,81.94256718002688
2021-02-08 20:11:20.907465,81.86333002002623
2021-02-09 20:11:20.907465,80.98571218622409
2021-02-10 20:11:20.907465,80.89314858816101
2021-02-11 20:11:20.907465,80.5877420333892
2021-02-12 20:11:20.907465,79.73217980261288
2021-02-13 20:11:20.907465,79.73217980261288
2021-02-14 20:11:20.907465,79.73217980261288
2021-02-15 20:11:20.907465,79.74366023622201
2021-02-16 20:11:20.907465,79.50789247994709
2021-02-17 20:11:20.907465,79.00247005189419
2021-02-18 20:11:20.907465,78.70896766931766
2021-02-19 20:11:20.907465,78.45189745943982
2021-02-20 20:11:20.907465,78.45189745943982
2021-02-21 20:11:20.907465,78.45189745943982
2021-02-22 20:11:20.907465,78.92813808326578
2021-02-23 20:11:20.907465,78.4179448708066
2021-02-24 20:11:20.907465,78.05408496905257
2021-02-25 20:11:20.907465,77.91231175619556
2021-02-26 20:11:20.907465,77.8545256646238
2021-02-27 20:11:20.907465,77.8545256646238
2021-02-28 20:11:20.907465,77.8545256646238
2021-03-01 20:11:20.907465,77.63910118921312
2021-03-02 20:11:20.907465,76.91713051868079
2021-03-03 20:11:20.907465,76.04566435048217
2021-03-04 20:11:20.907465,75.9377237939345
2021-03-05 20:11:20.907465,75.51805046892137
2021-03-06 20:11:20.907465,75.51805046892137
2021-03-07 20:11:20.907465,75.51805046892137
2021-03-08 20:11:20.907465,75.15829300509091
2021-03-09 20:11:20.907465,75.18866981567767
2021-03-10 20:11:20.907465,75.03146884660772
2021-03-11 20:11:20.907465,79.67953654081518
2021-03-12 20:11:20.907465,79.39813062911688
2021-03-13 20:11:20.907465,79.39813062911688
2021-03-14 20:11:20.907465,79.39813062911688
2021-03-15 20:11:20.907465,79.03592159719678
2021-03-16 20:11:20.907465,78.43360586183228
2021-03-17 20:11:20.907465,78.44322627750134
2021-03-18 20:11:20.907465,78.07708082996291
2021-03-19 20:11:20.907465,77.9599283944552
2021-03-20 20:11:20.907465,77.9599283944552
2021-03-21 20:11:20.907465,77.9599283944552
2021-03-22 20:11:20.907465,77.89521100017137
2021-03-23 20:11:20.907465,76.81062245312054
2021-03-24 20:11:20.907465,76.72997242143549
2021-03-25 20:11:20.907465,77.24309701702487
2021-03-26 20:11:20.907465,77.20763658216374
2021-03-27 20:11:20.907465,77.20763658216374
2021-03-28 20:11:20.907465,77.20763658216374
2021-03-29 20:11:20.907465,76.43324188600904
2021-03-30 20:11:20.907465,76.39927754680076
2021-03-31 20:11:20.907465,76.44963401376428
2021-04-01 20:11:20.907465,75.7683427926401
2021-04-02 20:11:20.907465,74.93601197139205
2021-04-03 20:11:20.907465,74.93601197139205
2021-04-04 20:11:20.907465,74.93601197139205
2021-04-05 20:11:20.907465,74.39727901716704
2021-04-06 20:11:20.907465,74.56838018051565
2021-04-07 20:11:20.907465,76.19900397869208
2021-04-08 20:11:20.907465,75.8839177383254
2021-04-09 20:11:20.907465,75.47666397879135
2021-04-10 20:11:20.907465,75.47666397879135
2021-04-11 20:11:20.907465,75.47666397879135
2021-04-12 20:11:20.907465,75.60016928855171
2021-04-13 20:11:20.907465,75.62029587514672
2021-04-14 20:11:20.907465,75.46771103258418
2021-04-15 20:11:20.907465,75.82086069523399
2021-04-16 20:11:20.907465,75.56036956374268
2021-04-17 20:11:20.907465,75.56036956374268
2021-04-18 20:11:20.907465,75.56036956374268
2021-04-19 20:11:20.907465,74.84060912022008
2021-04-20 20:11:20.907465,76.62517925394296
2021-04-21 20:11:20.907465,75.91252164604104
2021-04-22 20:11:20.907465,75.6525118867413
2021-04-23 20:11:20.907465,75.68834758533289
2021-04-24 20:11:20.907465,76.76525215697343
2021-04-25 20:11:20.907465,74.98269643898956
2021-04-26 20:11:20.907465,76.48656701342539
2021-04-27 20:11:20.907465,75.48931564062123
2021-04-28 20:11:20.907465,75.75766885723583
2021-04-29 20:11:20.907465,75.32949547478665
2021-04-30 20:11:20.907465,76.45434251970379
2021-05-01 20:11:20.907465,77.61808322557094
2021-05-02 20:11:20.907465,77.11457954150762
2021-05-03 20:11:20.907465,77.08323665648017
2021-05-04 20:11:20.907465,76.09539006332659
2021-05-05 20:11:20.907465,76.01746420864583
2021-05-06 20:11:20.907465,75.1654338337967
2021-05-07 20:11:20.907465,74.38326532164947
2021-05-08 20:11:20.907465,74.38326532164947
2021-05-09 20:11:20.907465,74.38326532164947
2021-05-10 20:11:20.907465,73.6560985472408
2021-05-11 20:11:20.907465,74.22680625458811
2021-05-12 20:11:20.907465,74.18199128626193
2021-05-13 20:11:20.907465,76.45904223468465
2021-05-14 20:11:20.907465,76.45309671042217
2021-05-15 20:11:20.907465,76.45309671042217
2021-05-16 20:11:20.907465,76.45309671042217
2021-05-17 20:11:20.907465,75.3344908674304
2021-05-18 20:11:20.907465,75.65701963119363
2021-05-19 20:11:20.907465,75.41880852661683
2021-05-20 20:11:20.907465,75.19694435065888
2021-05-21 20:11:20.907465,75.08329188194857
2021-05-22 20:11:20.907465,75.08329188194857
2021-05-23 20:11:20.907465,75.08329188194857
2021-05-24 20:11:20.907465,74.76290783220904
2021-05-25 20:11:20.907465,74.41887136229612
2021-05-26 20:11:20.907465,74.43138522092666
2021-05-27 20:11:20.907465,76.21912225707182
2021-05-28 20:11:20.907465,76.20485115942108
2021-05-29 20:11:20.907465,76.20485115942108
2021-05-30 20:11:20.907465,76.20485115942108
2021-05-31 20:11:20.907465,75.27231489057233
2021-06-01 20:11:20.907465,74.88280051496001
2021-06-02 20:11:20.907465,74.33514522168436
2021-06-03 20:11:20.907465,74.8687955768659
2021-06-04 20:11:20.907465,75.05051577867982
2021-06-05 20:11:20.907465,75.05051577867982
2021-06-06 20:11:20.907465,75.05051577867982
2021-06-07 20:11:20.907465,76.43270242843886
2021-06-08 20:11:20.907465,76.09123994085002
2021-06-09 20:11:20.907465,76.1431669723143
2021-06-10 20:11:20.907465,76.47623693067061
2021-06-11 20:11:20.907465,76.65549313678126
2021-06-12 20:11:20.907465,76.65549313678126
2021-06-13 20:11:20.907465,76.65549313678126
2021-06-14 20:11:20.907465,76.91019318433598
2021-06-15 20:11:20.907465,76.82560154499275
2021-06-16 20:11:20.907465,76.5203866274707
2021-06-17 20:11:20.907465,76.21150943697991
2021-06-18 20:11:20.907465,76.20220716095243
2021-06-19 20:11:20.907465,76.20220716095243
2021-06-20 20:11:20.907465,76.20220716095243
2021-06-21 20:11:20.907465,75.44277224591258
2021-06-22 20:11:20.907465,75.65813271746292
2021-06-23 20:11:20.907465,75.1973626874642
2021-06-24 20:11:20.907465,75.01985533722235
2021-06-25 20:11:20.907465,74.3918659458494
2021-06-26 20:11:20.907465,74.3918659458494
2021-06-27 20:11:20.907465,76.0567141083202
2021-06-28 20:11:20.907465,75.71954466522594
2021-06-29 20:11:20.907465,75.2713626126712
2021-06-30 20:11:20.907465,75.60392152564656
2021-07-01 20:11:20.907465,75.54431175803394
2021-07-02 20:11:20.907465,75.7929037215341
2021-07-03 20:11:20.907465,75.7929037215341
2021-07-04 20:11:20.907465,75.7929037215341
2021-07-05 20:11:20.907465,75.344093056587
2021-07-06 20:11:20.907465,75.35768614520428
2021-07-07 20:11:20.907465,75.28698604752525
2021-07-08 20:11:20.907465,75.14309996967431
2021-07-09 20:11:20.907465,75.28973069551138
2021-07-10 20:11:20.907465,75.28973069551138
2021-07-11 20:11:20.907465,75.28973069551138
2021-07-12 20:11:20.907465,76.32138974979215
2021-07-13 20:11:20.907465,75.71182478443077
2021-07-14 20:11:20.907465,75.77097319444039
2021-07-15 20:11:20.907465,75.36552838921207
2021-07-16 20:11:20.907465,76.03036020827102
2021-07-17 20:11:20.907465,76.03036020827102
2021-07-18 20:11:20.907465,76.03036020827102
2021-07-19 20:11:20.907465,75.95606315810716
2021-07-20 20:11:20.907465,76.66054365064493
2021-07-21 20:11:20.907465,76.94208476378847
2021-07-22 20:11:20.907465,76.90774260635925
2021-07-23 20:11:20.907465,77.36248253174736
2021-07-24 20:11:20.907465,77.36248253174736
2021-07-25 20:11:20.907465,77.36248253174736
2021-07-26 20:11:20.907465,77.62308638704523
2021-07-27 20:11:20.907465,77.5770685925366
2021-07-28 20:11:20.907465,77.93317304917046
2021-07-29 20:11:20.907465,77.35271451640757
2021-07-30 20:11:20.907465,77.06004951256708
2021-07-31 20:11:20.907465,77.06004951256708
2021-08-01 20:11:20.907465,77.06004951256708
2021-08-02 20:11:20.907465,76.87854697713922
2021-08-03 20:11:20.907465,77.56480536345408
2021-08-04 20:11:20.907465,78.22429834589502
2021-08-05 20:11:20.907465,78.26458839496196
2021-08-06 20:11:20.907465,78.01370402247132
2021-08-07 20:11:20.907465,78.01370402247132
2021-08-08 20:11:20.907465,78.01370402247132
2021-08-09 20:11:20.907465,78.05407615764815
2021-08-10 20:11:20.907465,77.63717055528724
2021-08-11 20:11:20.907465,77.1668789399022
2021-08-12 20:11:20.907465,76.94888130284129
2021-08-13 20:11:20.907465,77.0457202069883
2021-08-14 20:11:20.907465,77.0457202069883
2021-08-15 20:11:20.907465,77.0457202069883
2021-08-16 20:11:20.907465,77.07669866608231
2021-08-17 20:11:20.907465,77.70013911563748
2021-08-18 20:11:20.907465,77.39556343944301
2021-08-19 20:11:20.907465,77.47113292790266
2021-08-20 20:11:20.907465,77.51611703797096
2021-08-21 20:11:20.907465,77.51611703797096
2021-08-22 20:11:20.907465,77.51611703797096
2021-08-23 20:11:20.907465,77.05007896028961
2021-08-24 20:11:20.907465,76.92991567415866
2021-08-25 20:11:20.907465,76.94418586163638
2021-08-26 20:11:20.907465,77.69542090229162
2021-08-27 20:11:20.907465,76.82874757160705
2021-08-28 20:11:20.907465,76.82874757160705
2021-08-29 20:11:20.907465,76.82874757160705
2021-08-30 20:11:20.907465,76.66270028366439
2021-08-31 20:11:20.907465,77.08776651172539
2021-09-01 20:11:20.907465,77.4657809087953
2021-09-02 20:11:20.907465,77.28973394414018
2021-09-03 20:11:20.907465,76.65972012908985
2021-09-04 20:11:20.907465,76.65972012908985
2021-09-05 20:11:20.907465,76.65972012908985
2021-09-06 20:11:20.907465,76.36529271977709
2021-09-07 20:11:20.907465,76.89799291200478
2021-09-08 20:11:20.907465,76.42133728675482
2021-09-09 20:11:20.907465,76.56930874949143
2021-09-10 20:11:20.907465,76.25420166741712
2021-09-11 20:11:20.907465,76.25420166741712
2021-09-12 20:11:20.907465,76.25420166741712
2021-09-13 20:11:20.907465,75.93539485691387
2021-09-14 20:11:20.907465,75.61416309221516
2021-09-15 20:11:20.907465,74.88442988913039
2021-09-16 20:11:20.907465,74.84778424855197
2021-09-17 20:11:20.907465,76.56328182194429
2021-09-18 20:11:20.907465,74.98277393477153
2021-09-19 20:11:20.907465,74.98277393477153
2021-09-20 20:11:20.907465,74.77316887518421
2021-09-21 20:11:20.907465,76.38002520438779
2021-09-22 20:11:20.907465,76.44991137852531
2021-09-23 20:11:20.907465,76.61720352897814
2021-09-24 20:11:20.907465,77.44926783983674
2021-09-25 20:11:20.907465,77.44926783983674
2021-09-26 20:11:20.907465,77.44926783983674
2021-09-27 20:11:20.907465,77.8567338011645
2021-09-28 20:11:20.907465,77.93858236448521
2021-09-29 20:11:20.907465,77.64532630668418
2021-09-30 20:11:20.907465,77.55489466933973
2021-10-01 20:11:20.907465,77.94566509082765
2021-10-02 20:11:20.907465,77.94566509082765
2021-10-03 20:11:20.907465,77.94566509082765
2021-10-04 20:11:20.907465,77.51241973792642
2021-10-05 20:11:20.907465,77.85917557890848
2021-10-06 20:11:20.907465,77.94841514810194
2021-10-07 20:11:20.907465,78.23583965006637
2021-10-08 20:11:20.907465,78.00916782219403
2021-10-09 20:11:20.907465,78.00916782219403
2021-10-10 20:11:20.907465,78.00916782219403
2021-10-11 20:11:20.907465,78.34943844593424
2021-10-12 20:11:20.907465,78.82032810467297
2021-10-13 20:11:20.907465,78.6331034221853
2021-10-14 20:11:20.907465,78.61592975031284
2021-10-15 20:11:20.907465,78.76005958958535
2021-10-16 20:11:20.907465,78.76005958958535
2021-10-17 20:11:20.907465,78.76005958958535
2021-10-18 20:11:20.907465,79.12009681788697
2021-10-19 20:11:20.907465,79.2140019667982
2021-10-20 20:11:20.907465,79.64967590519633
2021-10-21 20:11:20.907465,80.14343702702422
2021-10-22 20:11:20.907465,79.96933530613457
2021-10-23 20:11:20.907465,79.96933530613457
2021-10-24 20:11:20.907465,79.96933530613457
2021-10-25 20:11:20.907465,79.9831657185363
2021-10-26 20:11:20.907465,79.55438439765913
2021-10-27 20:11:20.907465,79.44048508283517
2021-10-28 20:11:20.907465,79.42160532791475
2021-10-29 20:11:20.907465,78.96516349015833
2021-10-30 20:11:20.907465,78.96516349015833
2021-10-31 20:11:20.907465,78.96516349015833
2021-11-01 20:11:20.907465,79.04610485468142
2021-11-02 20:11:20.907465,78.8023483237632
2021-11-03 20:11:20.907465,78.31660641174047
2021-11-04 20:11:20.907465,77.46216749501487
2021-11-05 20:11:20.907465,77.22160536884194
2021-11-06 20:11:20.907465,77.22160536884194
2021-11-07 20:11:20.907465,77.22160536884194
2021-11-08 20:11:20.907465,77.08517659671752
2021-11-09 20:11:20.907465,76.76939878003897
2021-11-10 20:11:20.907465,76.44205421640513
2021-11-11 20:11:20.907465,76.26641105699323
2021-11-12 20:11:20.907465,76.24059269645404
2021-11-13 20:11:20.907465,76.24059269645404
2021-11-14 20:11:20.907465,76.24059269645404
2021-11-15 20:11:20.907465,76.40121306577102
2021-11-16 20:11:20.907465,76.42482912826756
2021-11-17 20:11:20.907465,76.33134981624505
2021-11-18 20:11:20.907465,75.61828094917861
2021-11-19 20:11:20.907465,75.38313664612947
2021-11-20 20:11:20.907465,75.38313664612947
2021-11-21 20:11:20.907465,75.38313664612947
2021-11-22 20:11:20.907465,75.69358680526447
2021-11-23 20:11:20.907465,75.25740357234626
2021-11-24 20:11:20.907465,75.18270771411193
2021-11-25 20:11:20.907465,75.9909258171871
2021-11-26 20:11:20.907465,76.72418692048402
2021-11-27 20:11:20.907465,76.72418692048402
2021-11-28 20:11:20.907465,76.72418692048402
2021-11-29 20:11:20.907465,77.03158076398277
2021-11-30 20:11:20.907465,77.54538690930173
2021-12-01 20:11:20.907465,77.26934525172432
2021-12-02 20:11:20.907465,77.33194291549572
2021-12-03 20:11:20.907465,75.4088116133802
2021-12-04 20:11:20.907465,75.4088116133802
2021-12-05 20:11:20.907465,75.4088116133802
2021-12-06 20:11:20.907465,76.36691887875597
2021-12-07 20:11:20.907465,75.16790185692479
2021-12-08 20:11:20.907465,75.18985129386746
2021-12-09 20:11:20.907465,75.60532002936256
2021-12-10 20:11:20.907465,75.01511866656593
2021-12-11 20:11:20.907465,75.01511866656593
2021-12-12 20:11:20.907465,75.01511866656593
2021-12-13 20:11:20.907465,74.23960439149309
2021-12-14 20:11:20.907465,72.85451780641895
2021-12-15 20:11:20.907465,74.26738857910749
2021-12-16 20:11:20.907465,76.18287119205432
2021-12-17 20:11:20.907465,74.31597695516727
2021-12-18 20:11:20.907465,74.31597695516727
2021-12-19 20:11:20.907465,74.31597695516727
2021-12-20 20:11:20.907465,73.31532887598838
2021-12-21 20:11:20.907465,72.75840798864587
2021-12-22 20:11:20.907465,73.5340411605086
2021-12-23 20:11:20.907465,74.53652114448091
2021-12-24 20:11:20.907465,72.95610918132752
2021-12-25 20:11:20.907465,74.20689440306357
2021-12-26 20:11:20.907465,72.95610918132752
2021-12-27 20:11:20.907465,75.40197177422868
2021-12-28 20:11:20.907465,75.18118749707239
2021-12-29 20:11:20.907465,76.06448185347826
2021-12-30 20:11:20.907465,74.62148761201352
2021-12-31 20:11:20.907465,75.18639090505967
2022-01-01 20:11:20.907465,75.18639090505967
2022-01-02 20:11:20.907465,75.18639090505967
2022-01-03 20:11:20.907465,74.72844475378739
2022-01-04 20:11:20.907465,75.51948237622015
2022-01-05 20:11:20.907465,75.76406173624254
2022-01-06 20:11:20.907465,77.08889301838423
2022-01-07 20:11:20.907465,76.38838878927353
2022-01-08 20:11:20.907465,76.38838878927353
2022-01-09 20:11:20.907465,76.38838878927353
2022-01-10 20:11:20.907465,73.91848201143551
2022-01-11 20:11:20.907465,75.67742342236062
2022-01-12 20:11:20.907465,75.84159757700847
2022-01-13 20:11:20.907465,75.5239160367621
2022-01-14 20:11:20.907465,77.62384299074189
2022-01-15 20:11:20.907465,77.62384299074189
2022-01-16 20:11:20.907465,77.62384299074189
2022-01-17 20:11:20.907465,76.15050727858306
2022-01-18 20:11:20.907465,78.82387164214138
2022-01-19 20:11:20.907465,77.15964639677675
2022-01-20 20:11:20.907465,76.70465243243096
2022-01-21 20:11:20.907465,75.40355892831394
2022-01-22 20:11:20.907465,75.40355892831394
2022-01-23 20:11:20.907465,75.40355892831394
2022-01-24 20:11:20.907465,75.79056216238247
2022-01-25 20:11:20.907465,77.86397770174655
2022-01-26 20:11:20.907465,77.8290192395892
2022-01-27 20:11:20.907465,73.79305339162768
2022-01-28 20:11:20.907465,67.88797797343966
2022-01-29 20:11:20.907465,67.88797797343966
2022-01-30 20:11:20.907465,67.88797797343966
2022-01-31 20:11:20.907465,66.1163353139006
2022-02-01 20:11:20.907465,66.49395061096648
2022-02-02 20:11:20.907465,66.63143930210124
2022-02-03 20:11:20.907465,69.34875036567844
2022-02-04 20:11:20.907465,69.1338455728408
2022-02-05 20:11:20.907465,69.1338455728408
2022-02-06 20:11:20.907465,69.1338455728408
2022-02-07 20:11:20.907465,67.64404737828161
2022-02-08 20:11:20.907465,68.47661538686337
2022-02-09 20:11:20.907465,68.68828818449805
2022-02-10 20:11:20.907465,66.92582881709939
2022-02-11 20:11:20.907465,64.0078990317593
2022-02-12 20:11:20.907465,64.0078990317593
2022-02-13 20:11:20.907465,64.0078990317593
2022-02-14 20:11:20.907465,63.13790880808682
2022-02-15 20:11:20.907465,62.40591802361786
2022-02-16 20:11:20.907465,61.384135773837755
2022-02-17 20:11:20.907465,60.00565403375759
2022-02-18 20:11:20.907465,58.079402609262466
2022-02-19 20:11:20.907465,58.079402609262466
2022-02-20 20:11:20.907465,58.079402609262466
2022-02-21 20:11:20.907465,60.28554391130498
2022-02-22 20:11:20.907465,58.588955033182465
2022-02-23 20:11:20.907465,57.01287503205692
2022-02-24 20:11:20.907465,58.26416402567228
2022-02-25 20:11:20.907465,60.29610759417585
2022-02-26 20:11:20.907465,60.29610759417585
2022-02-27 20:11:20.907465,60.29610759417585
2022-02-28 20:11:20.907465,58.49477177584496
2022-03-01 20:11:20.907465,59.61723761143231
2022-03-02 20:11:20.907465,59.319202948336404
2022-03-03 20:11:20.907465,61.068307641253035
2022-03-04 20:11:20.907465,61.28952274404169
2022-03-05 20:11:20.907465,61.28952274404169
2022-03-06 20:11:20.907465,61.28952274404169
2022-03-07 20:11:20.907465,59.74365434899329
2022-03-08 20:11:20.907465,60.15973220936931
2022-03-09 20:11:20.907465,60.239368011095266
2022-03-10 20:11:20.907465,59.24898213417251
2022-03-11 20:11:20.907465,58.14999728761363
2022-03-12 20:11:20.907465,58.14999728761363
2022-03-13 20:11:20.907465,58.14999728761363
2022-03-14 20:11:20.907465,56.857348081218014
2022-03-15 20:11:20.907465,56.45519234994596
2022-03-16 20:11:20.907465,57.079235408857855
2022-03-17 20:11:20.907465,57.83926448075791
2022-03-18 20:11:20.907465,57.591057204485374
2022-03-19 20:11:20.907465,57.591057204485374
2022-03-20 20:11:20.907465,57.591057204485374
2022-03-21 20:11:20.907465,57.47314625720425
2022-03-22 20:11:20.907465,55.805919586291836
2022-03-23 20:11:20.907465,56.0717628364756
2022-03-24 20:11:20.907465,55.5375461832928
2022-03-25 20:11:20.907465,55.08640005392276
2022-03-26 20:11:20.907465,55.08640005392276
2022-03-27 20:11:20.907465,55.08640005392276
2022-03-28 20:11:20.907465,54.10220065898815
2022-03-29 20:11:20.907465,55.42010043612045
2022-03-30 20:11:20.907465,56.040697733843444
2022-03-31 20:11:20.907465,56.20000980618459
2022-04-01 20:11:20.907465,56.50463200120044
2022-04-02 20:11:20.907465,56.50463200120044
2022-04-03 20:11:20.907465,56.50463200120044
2022-04-04 20:11:20.907465,55.59728483474065
2022-04-05 20:11:20.907465,56.576900214964446
2022-04-06 20:11:20.907465,56.82879614231366
2022-04-07 20:11:20.907465,55.89301920777495
2022-04-08 20:11:20.907465,56.13867121479511
2022-04-09 20:11:20.907465,56.13867121479511
2022-04-10 20:11:20.907465,56.13867121479511
2022-04-11 20:11:20.907465,55.42319508074591
2022-04-12 20:11:20.907465,56.74565150112519
2022-04-13 20:11:20.907465,55.422794345895554
2022-04-14 20:11:20.907465,55.35589627516247
2022-04-15 20:11:20.907465,55.51337296468592
2022-04-16 20:11:20.907465,54.902853203966245
2022-04-17 20:11:20.907465,54.89900830451609
2022-04-18 20:11:20.907465,54.333249636734294
2022-04-19 20:11:20.907465,53.7123472948433
2022-04-20 20:11:20.907465,51.40696670855386
2022-04-21 20:11:20.907465,51.82075627029184
2022-04-22 20:11:20.907465,49.4122150639241
2022-04-23 20:11:20.907465,49.4122150639241
2022-04-24 20:11:20.907465,49.4122150639241
2022-04-25 20:11:20.907465,48.81335569711126
2022-04-26 20:11:20.907465,47.75011687219834
2022-04-27 20:11:20.907465,47.12967262224703
2022-04-28 20:11:20.907465,47.062724545423215
2022-04-29 20:11:20.907465,47.91067460549309
2022-04-30 20:11:20.907465,47.91067460549309
2022-05-01 20:11:20.907465,47.91067460549309
2022-05-02 20:11:20.907465,47.6250761523211
2022-05-03 20:11:20.907465,46.95192830211442
2022-05-04 20:11:20.907465,46.946226603191704
2022-05-05 20:11:20.907465,45.57361793583992
2022-05-06 20:11:20.907465,46.24414802828895
2022-05-07 20:11:20.907465,46.24414802828895
2022-05-08 20:11:20.907465,46.24414802828895
2022-05-09 20:11:20.907465,44.692531361281695
2022-05-10 20:11:20.907465,42.629181069961
2022-05-11 20:11:20.907465,41.33987068465424
2022-05-12 20:11:20.907465,40.427326907213796
2022-05-13 20:11:20.907465,39.34474955207012
2022-05-14 20:11:20.907465,39.34474955207012
2022-05-15 20:11:20.907465,39.34474955207012
2022-05-16 20:11:20.907465,38.73924718271167
2022-05-17 20:11:20.907465,37.976359017350966
2022-05-18 20:11:20.907465,37.54911241678402
2022-05-19 20:11:20.907465,37.883702961667126
2022-05-20 20:11:20.907465,38.0473183215228
2022-05-21 20:11:20.907465,38.0473183215228
2022-05-22 20:11:20.907465,38.0473183215228
2022-05-23 20:11:20.907465,37.960454163155255
2022-05-24 20:11:20.907465,38.77678892000252
2022-05-25 20:11:20.907465,38.63382120791146
2022-05-26 20:11:20.907465,38.567204260851526
2022-05-27 20:11:20.907465,37.727983498322786
2022-05-28 20:11:20.907465,37.727983498322786
2022-05-29 20:11:20.907465,37.727983498322786
2022-05-30 20:11:20.907465,36.580249082735314
2022-05-31 20:11:20.907465,36.45899966042457
2022-06-01 20:11:20.907465,35.930384239178515
2022-06-02 20:11:20.907465,34.64165724844687
2022-06-03 20:11:20.907465,34.49523090456217
2022-06-04 20:11:20.907465,34.49523090456217
2022-06-05 20:11:20.907465,34.49523090456217
2022-06-06 20:11:20.907465,33.89078693132808
2022-06-07 20:11:20.907465,31.796910654029247
2022-06-08 20:11:20.907465,30.843286527623157
2022-06-09 20:11:20.907465,30.76724848033137
2022-06-10 20:11:20.907465,32.04997385351268
2022-06-11 20:11:20.907465,32.04997385351268
2022-06-12 20:11:20.907465,32.04997385351268
2022-06-13 20:11:20.907465,31.610742278168743
2022-06-14 20:11:20.907465,32.003059473279194
2022-06-15 20:11:20.907465,31.62345699488557
2022-06-16 20:11:20.907465,31.982605898970164
2022-06-17 20:11:20.907465,30.947622009499877
2022-06-18 20:11:20.907465,30.947622009499877
2022-06-19 20:11:20.907465,30.947622009499877
2022-06-20 20:11:20.907465,30.045341040987108
2022-06-21 20:11:20.907465,28.952808662256686
2022-06-22 20:11:20.907465,28.93822389888735
2022-06-23 20:11:20.907465,29.419889516495815
2022-06-24 20:11:20.907465,29.591930496045904
2022-06-25 20:11:20.907465,29.591930496045904
2022-06-26 20:11:20.907465,29.591930496045904
2022-06-27 20:11:20.907465,29.36493353606314
2022-06-28 20:11:20.907465,29.14382533817401
2022-06-29 20:11:20.907465,28.621390118341637
2022-06-30 20:11:20.907465,28.350350639107173
2022-07-01 20:11:20.907465,28.42574608517752
2022-07-02 20:11:20.907465,28.42574608517752
2022-07-03 20:11:20.907465,28.42574608517752
2022-07-04 20:11:20.907465,28.471920176115137
2022-07-05 20:11:20.907465,28.706310713110813
2022-07-06 20:11:20.907465,28.621175054624437
2022-07-07 20:11:20.907465,29.505839053839992
2022-07-08 20:11:20.907465,30.29874931098328
2022-07-09 20:11:20.907465,30.29874931098328
2022-07-10 20:11:20.907465,30.29874931098328
2022-07-11 20:11:20.907465,30.428356055459023
2022-07-12 20:11:20.907465,30.04284278233095
2022-07-13 20:11:20.907465,29.981780952182632
2022-07-14 20:11:20.907465,28.09714488249662
2022-07-15 20:11:20.907465,27.291795836615684
2022-07-16 20:11:20.907465,27.291795836615684
2022-07-17 20:11:20.907465,27.291795836615684
2022-07-18 20:11:20.907465,26.424791954120643
2022-07-19 20:11:20.907465,25.270984309221248
2022-07-20 20:11:20.907465,25.2557025565785
2022-07-21 20:11:20.907465,25.558025593277787
2022-07-22 20:11:20.907465,25.338669281614685
2022-07-23 20:11:20.907465,25.338669281614685
2022-07-24 20:11:20.907465,25.338669281614685
2022-07-25 20:11:20.907465,25.33643586055429
2022-07-26 20:11:20.907465,26.625031905145008
2022-07-27 20:11:20.907465,25.510800669374554
2022-07-28 20:11:20.907465,25.7608317555246
2022-07-29 20:11:20.907465,25.628541952890046
2022-07-30 20:11:20.907465,25.628541952890046
2022-07-31 20:11:20.907465,25.628541952890046
2022-08-01 20:11:20.907465,24.788887417937808
2022-08-02 20:11:20.907465,24.217275932113992
2022-08-03 20:11:20.907465,24.3073296108492
2022-08-04 20:11:20.907465,24.249011783166555
2022-08-05 20:11:20.907465,23.93733239030187
2022-08-06 20:11:20.907465,23.93733239030187
2022-08-07 20:11:20.907465,23.93733239030187
2022-08-08 20:11:20.907465,23.819206900296876
2022-08-09 20:11:20.907465,23.77270068425267
2022-08-10 20:11:20.907465,23.96971647198939
2022-08-11 20:11:20.907465,23.796296862079043
2022-08-12 20:11:20.907465,23.47631208013234
2022-08-13 20:11:20.907465,23.47631208013234
2022-08-14 20:11:20.907465,23.47631208013234
2022-08-15 20:11:20.907465,23.419219587047746
2022-08-16 20:11:20.907465,22.94075675065625
2022-08-17 20:11:20.907465,22.667564590095967
2022-08-18 20:11:20.907465,21.725436862983415
2022-08-19 20:11:20.907465,21.636149638126298
2022-08-20 20:11:20.907465,21.636149638126298
2022-08-21 20:11:20.907465,21.636149638126298
2022-08-22 20:11:20.907465,22.15966245530542
2022-08-23 20:11:20.907465,21.63731375221069
2022-08-24 20:11:20.907465,21.37691251847973
2022-08-25 20:11:20.907465,20.702489559650154
2022-08-26 20:11:20.907465,20.905007690580014
2022-08-27 20:11:20.907465,20.905007690580014
2022-08-28 20:11:20.907465,20.905007690580014
2022-08-29 20:11:20.907465,20.87684870547058
2022-08-30 20:11:20.907465,21.012749529661093
2022-08-31 20:11:20.907465,20.58082685536914
2022-09-01 20:11:20.907465,20.588078871520835
2022-09-02 20:11:20.907465,20.270692703306306
2022-09-03 20:11:20.907465,20.270692703306306
2022-09-04 20:11:20.907465,20.270692703306306
2022-09-05 20:11:20.907465,20.3313811991949
2022-09-06 20:11:20.907465,19.42275023012094
2022-09-07 20:11:20.907465,18.999678358273798
2022-09-08 20:11:20.907465,19.753869818722567
2022-09-09 20:11:20.907465,19.192040998652043
2022-09-10 20:11:20.907465,19.192040998652043
2022-09-11 20:11:20.907465,19.192040998652043
2022-09-12 20:11:20.907465,18.629939267412965
2022-09-13 20:11:20.907465,17.874807688775412
2022-09-14 20:11:20.907465,16.706871538409903
2022-09-15 20:11:20.907465,16.13822533861572
2022-09-16 20:11:20.907465,16.18912352089011
2022-09-17 20:11:20.907465,16.18912352089011
2022-09-18 20:11:20.907465,16.18912352089011
2022-09-19 20:11:20.907465,15.94935789139228
2022-09-20 20:11:20.907465,15.261730196975355
2022-09-21 20:11:20.907465,14.930908719239033
2022-09-22 20:11:20.907465,15.270671022082904
2022-09-23 20:11:20.907465,15.246180184299599
2022-09-24 20:11:20.907465,15.246180184299599
2022-09-25 20:11:20.907465,15.246180184299599
2022-09-26 20:11:20.907465,14.730397142960435
2022-09-27 20:11:20.907465,13.966367360889896
2022-09-28 20:11:20.907465,13.842265427148746
2022-09-29 20:11:20.907465,13.025172246300441
2022-09-30 20:11:20.907465,12.727976122561373
2022-10-01 20:11:20.907465,12.727976122561373
2022-10-02 20:11:20.907465,12.727976122561373
2022-10-03 20:11:20.907465,12.815526146599737
2022-10-04 20:11:20.907465,12.538056961145099
2022-10-05 20:11:20.907465,12.567222774906496
2022-10-06 20:11:20.907465,11.812025834494042
2022-10-07 20:11:20.907465,11.218863949454413
2022-10-08 20:11:20.907465,11.218863949454413
2022-10-09 20:11:20.907465,11.218863949454413
2022-10-10 20:11:20.907465,10.532574032473129
2022-10-11 20:11:20.907465,9.970923545418396
2022-10-12 20:11:20.907465,9.056110625513947
2022-10-13 20:11:20.907465,8.680130125054383
2022-10-14 20:11:20.907465,8.369218482993665
2022-10-15 20:11:20.907465,8.369218482993665
2022-10-16 20:11:20.907465,8.369218482993665
2022-10-17 20:11:20.907465,7.977588182627846
2022-10-18 20:11:20.907465,7.366812292096454
2022-10-19 20:11:20.907465,6.803418689250797
2022-10-20 20:11:20.907465,6.847773192959382
2022-10-21 20:11:20.907465,6.834987654783746
2022-10-22 20:11:20.907465,6.834987654783746
2022-10-23 20:11:20.907465,6.834987654783746
2022-10-24 20:11:20.907465,6.565329486632439
2022-10-25 20:11:20.907465,6.427494634969505
2022-10-26 20:11:20.907465,6.161589230832471
2022-10-27 20:11:20.907465,5.761791205994991
2022-10-28 20:11:20.907465,5.745539156610699
2022-10-29 20:11:20.907465,5.745539156610699
